Roll Number, Payoff Condition, Trial Number, Total Penalty, Rep Choices
1, IOWA,0,30,0
1, IOWA,2,139,0
1, IOWA,4,194,0
1, IOWA,6,239,1
1, IOWA,8,292,3
1, IOWA,10,369,5
1, IOWA,12,426,6
1, IOWA,14,471,7
1, IOWA,16,538,9
1, IOWA,18,603,11
1, IOWA,20,670,12
1, IOWA,0,18,0
1, IOWA,2,73,0
1, IOWA,4,150,0
1, IOWA,6,225,0
1, IOWA,8,274,2
1, IOWA,10,324,4
1, IOWA,12,378,6
1, IOWA,14,444,6
1, IOWA,16,523,6
1, IOWA,18,577,8
1, IOWA,20,651,9
1, Low Var,0,35,0
1, Low Var,2,90,1
1, Low Var,4,158,2
1, Low Var,6,225,2
1, Low Var,8,310,2
1, Low Var,10,386,2
1, Low Var,12,452,2
1, Low Var,14,500,4
1, Low Var,16,557,6
1, Low Var,18,613,8
1, Low Var,20,680,9
1, High Var,0,39,0
1, High Var,2,130,1
1, High Var,4,202,2
1, High Var,6,304,3
1, High Var,8,380,4
1, High Var,10,434,6
1, High Var,12,504,8
1, High Var,14,582,9
1, High Var,16,639,10
1, High Var,18,727,10
1, High Var,20,795,10
1, IOWA,0,28,0
1, IOWA,2,88,2
1, IOWA,4,164,2
1, IOWA,6,224,4
1, IOWA,8,302,4
1, IOWA,10,356,6
1, IOWA,12,430,6
1, IOWA,14,493,8
1, IOWA,16,573,8
1, IOWA,18,626,10
1, IOWA,20,696,10
1, Low Var,0,30,0
1, Low Var,2,78,2
1, Low Var,4,137,4
1, Low Var,6,192,6
1, Low Var,8,250,8
1, Low Var,10,336,8
1, Low Var,12,411,8
1, Low Var,14,458,10
1, Low Var,16,510,12
1, Low Var,18,569,14
1, Low Var,20,642,15
1, Equal Means,0,26,0
1, Equal Means,2,119,0
1, Equal Means,4,197,1
1, Equal Means,6,276,1
1, Equal Means,8,352,2
1, Equal Means,10,431,4
1, Equal Means,12,502,4
1, Equal Means,14,575,4
1, Equal Means,16,646,5
1, Equal Means,18,733,6
1, Equal Means,20,811,7
1, Equal Means,0,47,0
1, Equal Means,2,125,1
1, Equal Means,4,196,3
1, Equal Means,6,274,4
1, Equal Means,8,325,6
1, Equal Means,10,391,8
1, Equal Means,12,482,9
1, Equal Means,14,541,11
1, Equal Means,16,616,11
1, Equal Means,18,698,11
1, Equal Means,20,773,13
1, IOWA,0,44,0
1, IOWA,2,104,0
1, IOWA,4,158,2
1, IOWA,6,226,4
1, IOWA,8,282,6
1, IOWA,10,333,8
1, IOWA,12,374,10
1, IOWA,14,467,12
1, IOWA,16,521,14
1, IOWA,18,584,16
1, IOWA,20,657,18
1, High Var,0,26,0
1, High Var,2,76,2
1, High Var,4,136,4
1, High Var,6,188,6
1, High Var,8,260,8
1, High Var,10,307,10
1, High Var,12,357,12
1, High Var,14,436,14
1, High Var,16,508,16
1, High Var,18,554,18
1, High Var,20,614,20
1, High Var,0,55,0
1, High Var,2,128,2
1, High Var,4,175,4
1, High Var,6,269,6
1, High Var,8,347,7
1, High Var,10,454,9
1, High Var,12,538,10
1, High Var,14,607,11
1, High Var,16,700,12
1, High Var,18,782,13
1, High Var,20,845,15
1, Low Var,0,41,0
1, Low Var,2,122,2
1, Low Var,4,200,3
1, Low Var,6,271,5
1, Low Var,8,351,6
2, IOWA,0,57,0
2, IOWA,2,131,0
2, IOWA,4,185,1
2, IOWA,6,234,1
2, IOWA,8,279,3
2, IOWA,10,341,4
2, IOWA,12,408,4
2, IOWA,14,486,4
2, IOWA,16,515,5
2, IOWA,18,555,7
2, IOWA,20,625,7
2, IOWA,0,61,0
2, IOWA,2,120,0
2, IOWA,4,163,1
2, IOWA,6,212,3
2, IOWA,8,257,5
2, IOWA,10,287,6
2, IOWA,12,329,8
2, IOWA,14,375,9
2, IOWA,16,415,9
2, IOWA,18,482,9
2, IOWA,20,548,9
2, High Var,0,29,0
2, High Var,2,87,1
2, High Var,4,126,3
2, High Var,6,198,4
2, High Var,8,242,5
2, High Var,10,294,7
2, High Var,12,353,9
2, High Var,14,442,10
2, High Var,16,503,10
2, High Var,18,574,11
2, High Var,20,623,12
2, Low Var,0,20,0
2, Low Var,2,108,1
2, Low Var,4,158,2
2, Low Var,6,204,4
2, Low Var,8,271,5
2, Low Var,10,331,6
2, Low Var,12,394,6
2, Low Var,14,468,7
2, Low Var,16,533,8
2, Low Var,18,601,8
2, Low Var,20,667,9
2, Equal Means,0,34,0
2, Equal Means,2,103,1
2, Equal Means,4,161,2
2, Equal Means,6,217,2
2, Equal Means,8,284,2
2, Equal Means,10,357,2
2, Equal Means,12,435,2
2, Equal Means,14,506,2
2, Equal Means,16,572,4
2, Equal Means,18,625,6
2, Equal Means,20,700,6
2, IOWA,0,41,0
2, IOWA,2,103,2
2, IOWA,4,208,3
2, IOWA,6,252,4
2, IOWA,8,298,6
2, IOWA,10,346,8
2, IOWA,12,395,10
2, IOWA,14,432,10
2, IOWA,16,489,10
2, IOWA,18,539,12
2, IOWA,20,579,13
2, Low Var,0,39,0
2, Low Var,2,105,1
2, Low Var,4,188,2
2, Low Var,6,245,2
2, Low Var,8,296,3
2, Low Var,10,343,5
2, Low Var,12,414,5
2, Low Var,14,469,5
2, Low Var,16,539,5
2, Low Var,18,605,6
2, Low Var,20,656,6
2, Equal Means,0,26,0
2, Equal Means,2,84,2
2, Equal Means,4,155,4
2, Equal Means,6,209,6
2, Equal Means,8,262,8
2, Equal Means,10,323,9
2, Equal Means,12,391,11
2, Equal Means,14,449,12
2, Equal Means,16,513,13
2, Equal Means,18,583,15
2, Equal Means,20,654,16
2, High Var,0,9,0
2, High Var,2,63,0
2, High Var,4,128,2
2, High Var,6,222,3
2, High Var,8,277,3
2, High Var,10,366,4
2, High Var,12,426,5
2, High Var,14,473,7
2, High Var,16,529,8
2, High Var,18,606,8
2, High Var,20,637,8
2, High Var,0,23,0
2, High Var,2,78,0
2, High Var,4,118,0
2, High Var,6,195,1
2, High Var,8,256,2
2, High Var,10,289,4
2, High Var,12,368,6
2, High Var,14,410,7
2, High Var,16,468,8
2, High Var,18,550,9
2, High Var,20,605,11
2, IOWA,0,39,0
2, IOWA,2,147,2
2, IOWA,4,193,3
2, IOWA,6,242,5
2, IOWA,8,288,7
2, IOWA,10,332,9
2, IOWA,12,379,11
2, IOWA,14,430,13
2, IOWA,16,498,14
2, IOWA,18,561,14
2, IOWA,20,647,14
2, Low Var,0,28,0
2, Low Var,2,76,1
2, Low Var,4,138,2
2, Low Var,6,185,3
2, Low Var,8,232,5
3, IOWA,0,24,0
3, IOWA,2,76,0
3, IOWA,4,153,0
3, IOWA,6,220,0
3, IOWA,8,305,0
3, IOWA,10,379,0
3, IOWA,12,417,1
3, IOWA,14,480,2
3, IOWA,16,536,3
3, IOWA,18,606,3
3, IOWA,20,702,3
3, IOWA,0,48,0
3, IOWA,2,98,1
3, IOWA,4,154,3
3, IOWA,6,200,5
3, IOWA,8,260,7
3, IOWA,10,339,8
3, IOWA,12,391,9
3, IOWA,14,442,11
3, IOWA,16,493,13
3, IOWA,18,537,15
3, IOWA,20,599,15
3, Equal Means,0,33,0
3, Equal Means,2,106,2
3, Equal Means,4,164,3
3, Equal Means,6,243,5
3, Equal Means,8,334,5
3, Equal Means,10,405,6
3, Equal Means,12,479,7
3, Equal Means,14,531,8
3, Equal Means,16,604,8
3, Equal Means,18,670,8
3, Equal Means,20,752,8
3, Equal Means,0,40,0
3, Equal Means,2,120,1
3, Equal Means,4,192,2
3, Equal Means,6,280,3
3, Equal Means,8,370,4
3, Equal Means,10,474,5
3, Equal Means,12,541,6
3, Equal Means,14,624,7
3, Equal Means,16,695,8
3, Equal Means,18,763,9
3, Equal Means,20,858,9
3, Low Var,0,26,0
3, Low Var,2,90,0
3, Low Var,4,152,2
3, Low Var,6,196,4
3, Low Var,8,268,5
3, Low Var,10,328,6
3, Low Var,12,377,8
3, Low Var,14,436,10
3, Low Var,16,488,12
3, Low Var,18,540,14
3, Low Var,20,587,16
3, High Var,0,42,0
3, High Var,2,87,1
3, High Var,4,148,3
3, High Var,6,235,5
3, High Var,8,267,6
3, High Var,10,357,7
3, High Var,12,403,8
3, High Var,14,479,10
3, High Var,16,525,10
3, High Var,18,597,12
3, High Var,20,646,13
3, IOWA,0,43,0
3, IOWA,2,83,1
3, IOWA,4,157,2
3, IOWA,6,225,3
3, IOWA,8,299,3
3, IOWA,10,347,5
3, IOWA,12,395,6
3, IOWA,14,469,8
3, IOWA,16,549,8
3, IOWA,18,602,9
3, IOWA,20,650,11
3, High Var,0,42,0
3, High Var,2,110,0
3, High Var,4,180,2
3, High Var,6,253,4
3, High Var,8,323,4
3, High Var,10,400,4
3, High Var,12,457,4
3, High Var,14,531,4
3, High Var,16,606,4
3, High Var,18,660,5
3, High Var,20,717,7
3, High Var,0,22,0
3, High Var,2,62,2
3, High Var,4,142,4
3, High Var,6,214,6
3, High Var,8,246,7
3, High Var,10,347,7
3, High Var,12,423,7
3, High Var,14,475,8
3, High Var,16,534,10
3, High Var,18,594,12
3, High Var,20,663,14
3, Low Var,0,39,0
3, Low Var,2,109,0
3, Low Var,4,163,2
3, Low Var,6,211,4
3, Low Var,8,267,6
3, Low Var,10,317,8
3, Low Var,12,384,9
3, Low Var,14,468,9
3, Low Var,16,516,10
3, Low Var,18,576,12
3, Low Var,20,630,14
3, Equal Means,0,46,0
3, Equal Means,2,117,1
3, Equal Means,4,208,2
3, Equal Means,6,285,2
3, Equal Means,8,361,2
3, Equal Means,10,449,2
3, Equal Means,12,536,2
3, Equal Means,14,601,3
3, Equal Means,16,673,5
3, Equal Means,18,747,7
3, Equal Means,20,830,8
3, IOWA,0,29,0
3, IOWA,2,106,2
3, IOWA,4,206,3
3, IOWA,6,270,4
3, IOWA,8,316,6
4, IOWA,0,43,0
4, IOWA,2,139,0
4, IOWA,4,250,0
4, IOWA,6,330,0
4, IOWA,8,440,1
4, IOWA,10,542,1
4, IOWA,12,621,2
4, IOWA,14,700,3
4, IOWA,16,783,3
4, IOWA,18,865,5
4, IOWA,20,961,6
4, IOWA,0,50,0
4, IOWA,2,195,0
4, IOWA,4,264,0
4, IOWA,6,359,2
4, IOWA,8,441,4
4, IOWA,10,521,5
4, IOWA,12,581,6
4, IOWA,14,668,8
4, IOWA,16,774,10
4, IOWA,18,856,12
4, IOWA,20,954,14
4, High Var,0,27,0
4, High Var,2,110,2
4, High Var,4,183,4
4, High Var,6,271,6
4, High Var,8,410,7
4, High Var,10,519,7
4, High Var,12,669,8
4, High Var,14,786,8
4, High Var,16,895,8
4, High Var,18,1007,10
4, High Var,20,1089,12
4, IOWA,0,48,0
4, IOWA,2,142,2
4, IOWA,4,207,4
4, IOWA,6,288,6
4, IOWA,8,388,8
4, IOWA,10,459,10
4, IOWA,12,541,12
4, IOWA,14,636,14
4, IOWA,16,720,15
4, IOWA,18,821,15
4, IOWA,20,935,15
4, Low Var,0,49,0
4, Low Var,2,153,2
4, Low Var,4,260,2
4, Low Var,6,363,4
4, Low Var,8,465,6
4, Low Var,10,584,7
4, Low Var,12,672,8
4, Low Var,14,748,10
4, Low Var,16,835,12
4, Low Var,18,919,14
4, Low Var,20,1013,15
4, Low Var,0,59,0
4, Low Var,2,159,2
4, Low Var,4,267,2
4, Low Var,6,347,4
4, Low Var,8,436,6
4, Low Var,10,529,8
4, Low Var,12,614,10
4, Low Var,14,697,12
4, Low Var,16,788,14
4, Low Var,18,876,16
4, Low Var,20,954,18
4, High Var,0,57,0
4, High Var,2,136,1
4, High Var,4,238,3
4, High Var,6,337,4
4, High Var,8,414,6
4, High Var,10,491,8
4, High Var,12,556,10
4, High Var,14,658,11
4, High Var,16,758,13
4, High Var,18,861,13
4, High Var,20,956,15
4, High Var,0,36,0
4, High Var,2,109,2
4, High Var,4,210,4
4, High Var,6,282,6
4, High Var,8,363,8
4, High Var,10,440,10
4, High Var,12,529,12
4, High Var,14,636,12
4, High Var,16,778,12
4, High Var,18,886,12
4, High Var,20,990,14
4, IOWA,0,65,0
4, IOWA,2,170,1
4, IOWA,4,259,3
4, IOWA,6,342,5
4, IOWA,8,427,7
4, IOWA,10,519,9
4, IOWA,12,614,11
4, IOWA,14,698,12
4, IOWA,16,803,14
4, IOWA,18,868,16
4, IOWA,20,927,18
4, Equal Means,0,46,0
4, Equal Means,2,151,2
4, Equal Means,4,246,3
4, Equal Means,6,364,4
4, Equal Means,8,454,5
4, Equal Means,10,565,6
4, Equal Means,12,676,7
4, Equal Means,14,791,7
4, Equal Means,16,876,8
4, Equal Means,18,1017,9
4, Equal Means,20,1118,10
4, Equal Means,0,56,0
4, Equal Means,2,153,1
4, Equal Means,4,255,3
4, Equal Means,6,354,4
4, Equal Means,8,458,5
4, Equal Means,10,555,7
4, Equal Means,12,652,9
4, Equal Means,14,759,10
4, Equal Means,16,859,10
4, Equal Means,18,965,12
4, Equal Means,20,1058,13
4, Equal Means,0,50,0
4, Equal Means,2,149,2
4, Equal Means,4,261,3
4, Equal Means,6,369,3
4, Equal Means,8,455,4
200550, IOWA,0,42,0
200550, IOWA,2,144,0
200550, IOWA,4,282,0
200550, IOWA,6,373,1
200550, IOWA,8,446,2
200550, IOWA,10,538,3
200550, IOWA,12,624,4
200550, IOWA,14,713,5
200550, IOWA,16,856,5
200550, IOWA,18,957,6
200550, IOWA,20,1039,7
200550, IOWA,0,48,0
200550, IOWA,2,156,1
200550, IOWA,4,241,2
200550, IOWA,6,332,3
200550, IOWA,8,412,3
200550, IOWA,10,494,4
200550, IOWA,12,590,4
200550, IOWA,14,674,5
200550, IOWA,16,753,7
200550, IOWA,18,844,9
200550, IOWA,20,919,11
200550, Equal Means,0,60,0
200550, Equal Means,2,159,2
200550, Equal Means,4,260,3
200550, Equal Means,6,361,4
200550, Equal Means,8,442,5
200550, Equal Means,10,552,7
200550, Equal Means,12,639,8
200550, Equal Means,14,731,10
200550, Equal Means,16,820,12
200550, Equal Means,18,931,14
200550, Equal Means,20,1022,16
200550, Equal Means,0,51,0
200550, Equal Means,2,148,1
200550, Equal Means,4,234,1
200550, Equal Means,6,344,3
200550, Equal Means,8,456,3
200550, Equal Means,10,557,3
200550, Equal Means,12,643,5
200550, Equal Means,14,715,7
200550, Equal Means,16,830,9
200550, Equal Means,18,932,10
200550, Equal Means,20,1042,11
200550, High Var,0,65,0
200550, High Var,2,193,0
200550, High Var,4,303,2
200550, High Var,6,405,4
200550, High Var,8,491,5
200550, High Var,10,578,7
200550, High Var,12,655,9
200550, High Var,14,718,11
200550, High Var,16,817,13
200550, High Var,18,907,15
200550, High Var,20,1026,16
200550, Low Var,0,62,0
200550, Low Var,2,177,1
200550, Low Var,4,281,2
200550, Low Var,6,371,3
200550, Low Var,8,457,5
200550, Low Var,10,535,7
200550, Low Var,12,615,9
200550, Low Var,14,705,11
200550, Low Var,16,778,13
200550, Low Var,18,875,14
200550, Low Var,20,975,15
200550, IOWA,0,60,0
200550, IOWA,2,135,0
200550, IOWA,4,241,1
200550, IOWA,6,332,2
200550, IOWA,8,415,3
200550, IOWA,10,488,5
200550, IOWA,12,568,6
200550, IOWA,14,665,7
200550, IOWA,16,721,9
200550, IOWA,18,811,11
200550, IOWA,20,906,13
200550, High Var,0,35,0
200550, High Var,2,129,2
200550, High Var,4,212,4
200550, High Var,6,299,6
200550, High Var,8,386,8
200550, High Var,10,449,10
200550, High Var,12,527,12
200550, High Var,14,593,14
200550, High Var,16,697,15
200550, High Var,18,824,16
200550, High Var,20,945,17
200550, High Var,0,46,0
200550, High Var,2,140,2
200550, High Var,4,239,3
200550, High Var,6,357,5
200550, High Var,8,442,6
200550, High Var,10,554,7
200550, High Var,12,657,9
200550, High Var,14,771,9
200550, High Var,16,879,11
200550, High Var,18,986,12
200550, High Var,20,1063,13
200550, Low Var,0,42,0
200550, Low Var,2,128,2
200550, Low Var,4,211,4
200550, Low Var,6,296,6
200550, Low Var,8,378,8
200550, Low Var,10,463,10
200550, Low Var,12,544,12
200550, Low Var,14,626,14
200550, Low Var,16,708,16
200550, Low Var,18,785,18
200550, Low Var,20,869,20
200550, Low Var,0,48,0
200550, Low Var,2,143,2
200550, Low Var,4,246,4
200550, Low Var,6,353,5
200550, Low Var,8,451,7
200550, Low Var,10,543,8
200550, Low Var,12,619,10
200550, Low Var,14,694,12
200550, Low Var,16,776,14
200550, Low Var,18,861,16
200550, Low Var,20,942,18
200550, Equal Means,0,50,0
200550, Equal Means,2,163,2
200550, Equal Means,4,253,4
200550, Equal Means,6,351,6
200550, Equal Means,8,461,8
006, IOWA, 0, 46.0, 0
006, IOWA, 2, 161.0, 0
006, IOWA, 4, 301.0, 0
006, IOWA, 6, 397.0, 1
006, IOWA, 8, 527.0, 1
006, IOWA, 10, 647.0, 1
006, IOWA, 12, 739.0, 3
006, IOWA, 14, 835.0, 5
006, IOWA, 16, 926.0, 7
006, IOWA, 18, 1014.0, 9
006, IOWA, 20, 1112.0, 10
006, IOWA, 0, 44.0, 0
006, IOWA, 2, 155.0, 2
006, IOWA, 4, 245.0, 3
006, IOWA, 6, 336.0, 5
006, IOWA, 8, 422.0, 7
006, IOWA, 10, 507.0, 9
006, IOWA, 12, 602.0, 11
006, IOWA, 14, 690.0, 13
006, IOWA, 16, 781.0, 15
006, IOWA, 18, 866.0, 17
006, IOWA, 20, 1000.0, 17
006, High Var, 0, 35.0, 0
006, High Var, 2, 152.0, 0
006, High Var, 4, 266.0, 1
006, High Var, 6, 357.0, 3
006, High Var, 8, 491.0, 4
006, High Var, 10, 628.0, 5
006, High Var, 12, 719.0, 6
006, High Var, 14, 836.0, 8
006, High Var, 16, 954.0, 9
006, High Var, 18, 1043.0, 10
006, High Var, 20, 1139.0, 12
006, High Var, 0, 54.0, 0
006, High Var, 2, 166.0, 2
006, High Var, 4, 293.0, 2
006, High Var, 6, 434.0, 3
006, High Var, 8, 554.0, 4
006, High Var, 10, 639.0, 6
006, High Var, 12, 750.0, 7
006, High Var, 14, 835.0, 9
006, High Var, 16, 922.0, 11
006, High Var, 18, 1025.0, 13
006, High Var, 20, 1129.0, 14
006, High Var, 0, 68.0, 0
006, High Var, 2, 178.0, 1
006, High Var, 4, 307.0, 2
006, High Var, 6, 445.0, 3
006, High Var, 8, 543.0, 5
006, High Var, 10, 653.0, 7
006, High Var, 12, 755.0, 9
006, High Var, 14, 844.0, 10
006, High Var, 16, 929.0, 12
006, High Var, 18, 1007.0, 14
006, High Var, 20, 1133.0, 15
006, Low Var, 0, 64.0, 0
006, Low Var, 2, 178.0, 1
006, Low Var, 4, 288.0, 3
006, Low Var, 6, 400.0, 5
006, Low Var, 8, 502.0, 7
006, Low Var, 10, 607.0, 9
006, Low Var, 12, 717.0, 11
006, Low Var, 14, 842.0, 12
006, Low Var, 16, 950.0, 13
006, Low Var, 18, 1061.0, 15
006, Low Var, 20, 1177.0, 17
006, IOWA, 0, 73.0, 0
006, IOWA, 2, 166.0, 1
006, IOWA, 4, 237.0, 3
006, IOWA, 6, 310.0, 5
006, IOWA, 8, 409.0, 7
006, IOWA, 10, 490.0, 9
006, IOWA, 12, 563.0, 11
006, IOWA, 14, 659.0, 13
006, IOWA, 16, 751.0, 15
006, IOWA, 18, 822.0, 17
006, IOWA, 20, 900.0, 19
006, Equal Means, 0, 55.0, 0
006, Equal Means, 2, 171.0, 2
006, Equal Means, 4, 307.0, 3
006, Equal Means, 6, 425.0, 3
006, Equal Means, 8, 532.0, 5
006, Equal Means, 10, 641.0, 7
006, Equal Means, 12, 759.0, 9
006, Equal Means, 14, 886.0, 10
006, Equal Means, 16, 989.0, 11
006, Equal Means, 18, 1105.0, 13
006, Equal Means, 20, 1205.0, 14
006, Equal Means, 0, 61.0, 0
006, Equal Means, 2, 171.0, 1
006, Equal Means, 4, 258.0, 3
006, Equal Means, 6, 362.0, 5
006, Equal Means, 8, 464.0, 7
006, Equal Means, 10, 580.0, 9
006, Equal Means, 12, 704.0, 10
006, Equal Means, 14, 810.0, 11
006, Equal Means, 16, 917.0, 13
006, Equal Means, 18, 1025.0, 15
006, Equal Means, 20, 1145.0, 17
006, Low Var, 0, 56.0, 0
006, Low Var, 2, 170.0, 2
006, Low Var, 4, 283.0, 4
006, Low Var, 6, 401.0, 6
006, Low Var, 8, 515.0, 7
006, Low Var, 10, 627.0, 9
006, Low Var, 12, 721.0, 10
006, Low Var, 14, 815.0, 12
006, Low Var, 16, 910.0, 14
006, Low Var, 18, 1007.0, 16
006, Low Var, 20, 1102.0, 18
006, IOWA, 0, 43.0, 0
006, IOWA, 2, 99.0, 2
006, IOWA, 4, 207.0, 4
006, IOWA, 6, 299.0, 6
006, IOWA, 8, 384.0, 8
006, IOWA, 10, 462.0, 10
006, IOWA, 12, 537.0, 12
006, IOWA, 14, 632.0, 14
006, IOWA, 16, 726.0, 16
006, IOWA, 18, 814.0, 18
006, IOWA, 20, 882.0, 20
006, Equal Means, 0, 55.0, 0
006, Equal Means, 2, 174.0, 2
006, Equal Means, 4, 274.0, 3
006, Equal Means, 6, 407.0, 4
006, Equal Means, 8, 515.0, 6
007, IOWA, 0, 50.0, 0
007, IOWA, 2, 168.0, 0
007, IOWA, 4, 272.0, 0
007, IOWA, 6, 382.0, 1
007, IOWA, 8, 495.0, 1
007, IOWA, 10, 622.0, 2
007, IOWA, 12, 735.0, 4
007, IOWA, 14, 864.0, 5
007, IOWA, 16, 983.0, 6
007, IOWA, 18, 1078.0, 8
007, IOWA, 20, 1176.0, 9
007, IOWA, 0, 75.0, 0
007, IOWA, 2, 185.0, 0
007, IOWA, 4, 289.0, 0
007, IOWA, 6, 383.0, 2
007, IOWA, 8, 495.0, 2
007, IOWA, 10, 594.0, 4
007, IOWA, 12, 689.0, 6
007, IOWA, 14, 785.0, 8
007, IOWA, 16, 878.0, 10
007, IOWA, 18, 976.0, 12
007, IOWA, 20, 1071.0, 14
007, IOWA, 0, 74.0, 0
007, IOWA, 2, 174.0, 1
007, IOWA, 4, 295.0, 2
007, IOWA, 6, 423.0, 4
007, IOWA, 8, 511.0, 5
007, IOWA, 10, 642.0, 6
007, IOWA, 12, 764.0, 6
007, IOWA, 14, 884.0, 7
007, IOWA, 16, 974.0, 9
007, IOWA, 18, 1074.0, 9
007, IOWA, 20, 1170.0, 9
007, Low Var, 0, 56.0, 0
007, Low Var, 2, 154.0, 0
007, Low Var, 4, 252.0, 0
007, Low Var, 6, 363.0, 0
007, Low Var, 8, 460.0, 1
007, Low Var, 10, 576.0, 2
007, Low Var, 12, 682.0, 2
007, Low Var, 14, 800.0, 3
007, Low Var, 16, 900.0, 4
007, Low Var, 18, 1022.0, 5
007, Low Var, 20, 1128.0, 5
007, High Var, 0, 74.0, 0
007, High Var, 2, 180.0, 1
007, High Var, 4, 281.0, 3
007, High Var, 6, 398.0, 4
007, High Var, 8, 495.0, 5
007, High Var, 10, 621.0, 6
007, High Var, 12, 778.0, 7
007, High Var, 14, 885.0, 8
007, High Var, 16, 1008.0, 10
007, High Var, 18, 1113.0, 11
007, High Var, 20, 1208.0, 13
007, Low Var, 0, 55.0, 0
007, Low Var, 2, 173.0, 2
007, Low Var, 4, 289.0, 4
007, Low Var, 6, 403.0, 6
007, Low Var, 8, 522.0, 8
007, Low Var, 10, 644.0, 10
007, Low Var, 12, 760.0, 12
007, Low Var, 14, 855.0, 13
007, Low Var, 16, 951.0, 15
007, Low Var, 18, 1040.0, 17
007, Low Var, 20, 1127.0, 19
007, Equal Means, 0, 55.0, 0
007, Equal Means, 2, 172.0, 2
007, Equal Means, 4, 283.0, 4
007, Equal Means, 6, 408.0, 4
007, Equal Means, 8, 537.0, 5
007, Equal Means, 10, 643.0, 7
007, Equal Means, 12, 760.0, 7
007, Equal Means, 14, 881.0, 9
007, Equal Means, 16, 992.0, 10
007, Equal Means, 18, 1108.0, 12
007, Equal Means, 20, 1199.0, 13
007, IOWA, 0, 82.0, 0
007, IOWA, 2, 176.0, 1
007, IOWA, 4, 278.0, 3
007, IOWA, 6, 379.0, 5
007, IOWA, 8, 463.0, 7
007, IOWA, 10, 557.0, 9
007, IOWA, 12, 651.0, 11
007, IOWA, 14, 765.0, 11
007, IOWA, 16, 909.0, 11
007, IOWA, 18, 998.0, 12
007, IOWA, 20, 1073.0, 13
007, Low Var, 0, 48.0, 0
007, Low Var, 2, 158.0, 0
007, Low Var, 4, 270.0, 0
007, Low Var, 6, 372.0, 1
007, Low Var, 8, 487.0, 2
007, Low Var, 10, 596.0, 3
007, Low Var, 12, 707.0, 4
007, Low Var, 14, 826.0, 4
007, Low Var, 16, 935.0, 4
007, Low Var, 18, 1048.0, 4
007, Low Var, 20, 1152.0, 6
007, Equal Means, 0, 57.0, 0
007, Equal Means, 2, 175.0, 2
007, Equal Means, 4, 308.0, 3
007, Equal Means, 6, 420.0, 4
007, Equal Means, 8, 526.0, 5
007, Equal Means, 10, 644.0, 6
007, Equal Means, 12, 745.0, 7
007, Equal Means, 14, 871.0, 8
007, Equal Means, 16, 976.0, 8
007, Equal Means, 18, 1095.0, 8
007, Equal Means, 20, 1202.0, 9
007, High Var, 0, 56.0, 0
007, High Var, 2, 228.0, 1
007, High Var, 4, 310.0, 2
007, High Var, 6, 406.0, 3
007, High Var, 8, 512.0, 3
007, High Var, 10, 619.0, 3
007, High Var, 12, 699.0, 3
007, High Var, 14, 827.0, 3
007, High Var, 16, 939.0, 3
007, High Var, 18, 1054.0, 3
007, High Var, 20, 1167.0, 3
007, High Var, 0, 61.0, 0
007, High Var, 2, 180.0, 0
007, High Var, 4, 267.0, 0
007, High Var, 6, 374.0, 2
007, High Var, 8, 518.0, 3
008, IOWA, 0, 31.0, 0
008, IOWA, 2, 114.0, 0
008, IOWA, 4, 192.0, 0
008, IOWA, 6, 238.0, 1
008, IOWA, 8, 275.0, 3
008, IOWA, 10, 348.0, 5
008, IOWA, 12, 383.0, 7
008, IOWA, 14, 481.0, 8
008, IOWA, 16, 533.0, 9
008, IOWA, 18, 624.0, 9
008, IOWA, 20, 712.0, 10
008, IOWA, 0, 57.0, 0
008, IOWA, 2, 130.0, 0
008, IOWA, 4, 200.0, 2
008, IOWA, 6, 269.0, 4
008, IOWA, 8, 333.0, 6
008, IOWA, 10, 400.0, 8
008, IOWA, 12, 460.0, 10
008, IOWA, 14, 531.0, 12
008, IOWA, 16, 597.0, 14
008, IOWA, 18, 667.0, 16
008, IOWA, 20, 737.0, 18
008, IOWA, 0, 39.0, 0
008, IOWA, 2, 102.0, 2
008, IOWA, 4, 161.0, 4
008, IOWA, 6, 236.0, 6
008, IOWA, 8, 291.0, 8
008, IOWA, 10, 352.0, 10
008, IOWA, 12, 409.0, 12
008, IOWA, 14, 479.0, 14
008, IOWA, 16, 544.0, 16
008, IOWA, 18, 608.0, 18
008, IOWA, 20, 675.0, 20
008, Low Var, 0, 45.0, 0
008, Low Var, 2, 132.0, 1
008, Low Var, 4, 219.0, 1
008, Low Var, 6, 279.0, 2
008, Low Var, 8, 349.0, 4
008, Low Var, 10, 416.0, 6
008, Low Var, 12, 480.0, 8
008, Low Var, 14, 544.0, 10
008, Low Var, 16, 608.0, 12
008, Low Var, 18, 701.0, 12
008, Low Var, 20, 792.0, 12
008, High Var, 0, 56.0, 0
008, High Var, 2, 155.0, 1
008, High Var, 4, 243.0, 2
008, High Var, 6, 320.0, 4
008, High Var, 8, 403.0, 5
008, High Var, 10, 502.0, 6
008, High Var, 12, 594.0, 6
008, High Var, 14, 679.0, 7
008, High Var, 16, 790.0, 8
008, High Var, 18, 874.0, 8
008, High Var, 20, 917.0, 10
008, High Var, 0, 41.0, 0
008, High Var, 2, 132.0, 2
008, High Var, 4, 208.0, 4
008, High Var, 6, 293.0, 6
008, High Var, 8, 367.0, 7
008, High Var, 10, 442.0, 9
008, High Var, 12, 529.0, 10
008, High Var, 14, 641.0, 11
008, High Var, 16, 738.0, 12
008, High Var, 18, 852.0, 13
008, High Var, 20, 930.0, 14
008, Low Var, 0, 43.0, 0
008, Low Var, 2, 134.0, 2
008, Low Var, 4, 220.0, 4
008, Low Var, 6, 308.0, 6
008, Low Var, 8, 393.0, 8
008, Low Var, 10, 479.0, 9
008, Low Var, 12, 559.0, 9
008, Low Var, 14, 624.0, 11
008, Low Var, 16, 693.0, 13
008, Low Var, 18, 765.0, 15
008, Low Var, 20, 837.0, 17
008, Equal Means, 0, 48.0, 0
008, Equal Means, 2, 146.0, 0
008, Equal Means, 4, 242.0, 0
008, Equal Means, 6, 321.0, 1
008, Equal Means, 8, 406.0, 2
008, Equal Means, 10, 490.0, 2
008, Equal Means, 12, 549.0, 3
008, Equal Means, 14, 637.0, 3
008, Equal Means, 16, 704.0, 3
008, Equal Means, 18, 798.0, 3
008, Equal Means, 20, 881.0, 3
008, IOWA, 0, 51.0, 0
008, IOWA, 2, 131.0, 0
008, IOWA, 4, 195.0, 2
008, IOWA, 6, 265.0, 4
008, IOWA, 8, 335.0, 6
008, IOWA, 10, 392.0, 8
008, IOWA, 12, 466.0, 10
008, IOWA, 14, 534.0, 12
008, IOWA, 16, 601.0, 14
008, IOWA, 18, 668.0, 16
008, IOWA, 20, 738.0, 18
008, Equal Means, 0, 35.0, 0
008, Equal Means, 2, 135.0, 1
008, Equal Means, 4, 217.0, 2
008, Equal Means, 6, 285.0, 4
008, Equal Means, 8, 369.0, 6
008, Equal Means, 10, 457.0, 8
008, Equal Means, 12, 517.0, 10
008, Equal Means, 14, 606.0, 12
008, Equal Means, 16, 679.0, 13
008, Equal Means, 18, 762.0, 15
008, Equal Means, 20, 852.0, 16
008, Low Var, 0, 52.0, 0
008, Low Var, 2, 137.0, 1
008, Low Var, 4, 222.0, 2
008, Low Var, 6, 302.0, 3
008, Low Var, 8, 374.0, 5
008, Low Var, 10, 435.0, 7
008, Low Var, 12, 500.0, 9
008, Low Var, 14, 565.0, 11
008, Low Var, 16, 624.0, 13
008, Low Var, 18, 691.0, 15
008, Low Var, 20, 755.0, 17
008, High Var, 0, 53.0, 0
008, High Var, 2, 150.0, 1
008, High Var, 4, 216.0, 2
008, High Var, 6, 267.0, 4
008, High Var, 8, 319.0, 6
009, IOWA, 0, 67.0, 0
009, IOWA, 2, 194.0, 0
009, IOWA, 4, 293.0, 1
009, IOWA, 6, 386.0, 3
009, IOWA, 8, 506.0, 3
009, IOWA, 10, 626.0, 3
009, IOWA, 12, 710.0, 5
009, IOWA, 14, 799.0, 6
009, IOWA, 16, 902.0, 7
009, IOWA, 18, 981.0, 9
009, IOWA, 20, 1051.0, 11
009, IOWA, 0, 49.0, 0
009, IOWA, 2, 158.0, 1
009, IOWA, 4, 275.0, 1
009, IOWA, 6, 398.0, 1
009, IOWA, 8, 492.0, 2
009, IOWA, 10, 625.0, 2
009, IOWA, 12, 696.0, 3
009, IOWA, 14, 819.0, 3
009, IOWA, 16, 921.0, 5
009, IOWA, 18, 1032.0, 5
009, IOWA, 20, 1123.0, 7
009, High Var, 0, 73.0, 0
009, High Var, 2, 197.0, 0
009, High Var, 4, 316.0, 0
009, High Var, 6, 427.0, 1
009, High Var, 8, 540.0, 3
009, High Var, 10, 645.0, 4
009, High Var, 12, 776.0, 5
009, High Var, 14, 874.0, 6
009, High Var, 16, 989.0, 7
009, High Var, 18, 1070.0, 8
009, High Var, 20, 1195.0, 8
009, Equal Means, 0, 56.0, 0
009, Equal Means, 2, 169.0, 1
009, Equal Means, 4, 292.0, 3
009, Equal Means, 6, 404.0, 4
009, Equal Means, 8, 527.0, 4
009, Equal Means, 10, 634.0, 6
009, Equal Means, 12, 743.0, 8
009, Equal Means, 14, 859.0, 8
009, Equal Means, 16, 990.0, 8
009, Equal Means, 18, 1107.0, 8
009, Equal Means, 20, 1236.0, 8
009, Low Var, 0, 58.0, 0
009, Low Var, 2, 184.0, 0
009, Low Var, 4, 302.0, 0
009, Low Var, 6, 424.0, 1
009, Low Var, 8, 530.0, 1
009, Low Var, 10, 639.0, 2
009, Low Var, 12, 733.0, 3
009, Low Var, 14, 834.0, 5
009, Low Var, 16, 930.0, 7
009, Low Var, 18, 1023.0, 9
009, Low Var, 20, 1119.0, 11
009, High Var, 0, 51.0, 0
009, High Var, 2, 158.0, 1
009, High Var, 4, 260.0, 3
009, High Var, 6, 377.0, 3
009, High Var, 8, 470.0, 5
009, High Var, 10, 612.0, 5
009, High Var, 12, 728.0, 6
009, High Var, 14, 816.0, 7
009, High Var, 16, 911.0, 9
009, High Var, 18, 1022.0, 10
009, High Var, 20, 1140.0, 10
009, IOWA, 0, 46.0, 0
009, IOWA, 2, 165.0, 0
009, IOWA, 4, 291.0, 0
009, IOWA, 6, 388.0, 1
009, IOWA, 8, 507.0, 2
009, IOWA, 10, 606.0, 2
009, IOWA, 12, 695.0, 4
009, IOWA, 14, 783.0, 6
009, IOWA, 16, 875.0, 8
009, IOWA, 18, 945.0, 9
009, IOWA, 20, 1043.0, 11
009, Equal Means, 0, 67.0, 0
009, Equal Means, 2, 180.0, 2
009, Equal Means, 4, 284.0, 3
009, Equal Means, 6, 408.0, 5
009, Equal Means, 8, 530.0, 6
009, Equal Means, 10, 655.0, 7
009, Equal Means, 12, 778.0, 7
009, Equal Means, 14, 888.0, 7
009, Equal Means, 16, 1011.0, 7
009, Equal Means, 18, 1138.0, 7
009, Equal Means, 20, 1266.0, 7
009, High Var, 0, 50.0, 0
009, High Var, 2, 162.0, 0
009, High Var, 4, 290.0, 0
009, High Var, 6, 395.0, 0
009, High Var, 8, 487.0, 1
009, High Var, 10, 589.0, 1
009, High Var, 12, 714.0, 1
009, High Var, 14, 846.0, 2
009, High Var, 16, 977.0, 2
009, High Var, 18, 1107.0, 3
009, High Var, 20, 1189.0, 4
009, Low Var, 0, 58.0, 0
009, Low Var, 2, 173.0, 2
009, Low Var, 4, 287.0, 3
009, Low Var, 6, 400.0, 5
009, Low Var, 8, 512.0, 7
009, Low Var, 10, 629.0, 7
009, Low Var, 12, 714.0, 8
009, Low Var, 14, 810.0, 10
009, Low Var, 16, 919.0, 10
009, Low Var, 18, 1036.0, 12
009, Low Var, 20, 1174.0, 13
009, Low Var, 0, 70.0, 0
009, Low Var, 2, 198.0, 1
009, Low Var, 4, 314.0, 2
009, Low Var, 6, 431.0, 2
009, Low Var, 8, 541.0, 4
009, Low Var, 10, 667.0, 5
009, Low Var, 12, 775.0, 5
009, Low Var, 14, 900.0, 6
009, Low Var, 16, 999.0, 8
009, Low Var, 18, 1087.0, 10
009, Low Var, 20, 1225.0, 11
009, IOWA, 0, 66.0, 0
009, IOWA, 2, 198.0, 1
009, IOWA, 4, 340.0, 3
009, IOWA, 6, 477.0, 4
009, IOWA, 8, 607.0, 5
010, IOWA, 0, 59.0, 0
010, IOWA, 2, 132.0, 0
010, IOWA, 4, 226.0, 0
010, IOWA, 6, 317.0, 1
010, IOWA, 8, 419.0, 1
010, IOWA, 10, 499.0, 2
010, IOWA, 12, 597.0, 2
010, IOWA, 14, 666.0, 3
010, IOWA, 16, 735.0, 5
010, IOWA, 18, 817.0, 5
010, IOWA, 20, 916.0, 7
010, IOWA, 0, 62.0, 0
010, IOWA, 2, 160.0, 0
010, IOWA, 4, 240.0, 0
010, IOWA, 6, 320.0, 1
010, IOWA, 8, 408.0, 2
010, IOWA, 10, 535.0, 2
010, IOWA, 12, 627.0, 2
010, IOWA, 14, 704.0, 3
010, IOWA, 16, 786.0, 5
010, IOWA, 18, 867.0, 7
010, IOWA, 20, 952.0, 8
010, Low Var, 0, 45.0, 0
010, Low Var, 2, 142.0, 0
010, Low Var, 4, 215.0, 1
010, Low Var, 6, 290.0, 3
010, Low Var, 8, 371.0, 5
010, Low Var, 10, 446.0, 7
010, Low Var, 12, 517.0, 9
010, Low Var, 14, 599.0, 11
010, Low Var, 16, 685.0, 13
010, Low Var, 18, 761.0, 15
010, Low Var, 20, 840.0, 17
010, IOWA, 0, 62.0, 0
010, IOWA, 2, 189.0, 1
010, IOWA, 4, 302.0, 1
010, IOWA, 6, 402.0, 1
010, IOWA, 8, 482.0, 2
010, IOWA, 10, 565.0, 4
010, IOWA, 12, 671.0, 4
010, IOWA, 14, 753.0, 5
010, IOWA, 16, 828.0, 7
010, IOWA, 18, 923.0, 7
010, IOWA, 20, 1019.0, 7
010, Equal Means, 0, 48.0, 0
010, Equal Means, 2, 160.0, 0
010, Equal Means, 4, 250.0, 1
010, Equal Means, 6, 343.0, 1
010, Equal Means, 8, 442.0, 1
010, Equal Means, 10, 550.0, 1
010, Equal Means, 12, 636.0, 3
010, Equal Means, 14, 737.0, 4
010, Equal Means, 16, 838.0, 4
010, Equal Means, 18, 956.0, 4
010, Equal Means, 20, 1059.0, 4
010, High Var, 0, 48.0, 0
010, High Var, 2, 141.0, 1
010, High Var, 4, 248.0, 2
010, High Var, 6, 346.0, 3
010, High Var, 8, 413.0, 4
010, High Var, 10, 527.0, 5
010, High Var, 12, 634.0, 6
010, High Var, 14, 728.0, 7
010, High Var, 16, 821.0, 7
010, High Var, 18, 944.0, 8
010, High Var, 20, 1043.0, 8
010, IOWA, 0, 54.0, 0
010, IOWA, 2, 163.0, 1
010, IOWA, 4, 263.0, 2
010, IOWA, 6, 351.0, 2
010, IOWA, 8, 428.0, 4
010, IOWA, 10, 505.0, 6
010, IOWA, 12, 607.0, 7
010, IOWA, 14, 677.0, 8
010, IOWA, 16, 756.0, 8
010, IOWA, 18, 855.0, 8
010, IOWA, 20, 954.0, 8
010, Low Var, 0, 59.0, 0
010, Low Var, 2, 169.0, 1
010, Low Var, 4, 254.0, 2
010, Low Var, 6, 368.0, 2
010, Low Var, 8, 448.0, 3
010, Low Var, 10, 529.0, 5
010, Low Var, 12, 628.0, 5
010, Low Var, 14, 732.0, 5
010, Low Var, 16, 828.0, 5
010, Low Var, 18, 910.0, 6
010, Low Var, 20, 994.0, 8
010, High Var, 0, 55.0, 0
010, High Var, 2, 123.0, 0
010, High Var, 4, 171.0, 0
010, High Var, 6, 296.0, 0
010, High Var, 8, 421.0, 0
010, High Var, 10, 506.0, 1
010, High Var, 12, 600.0, 3
010, High Var, 14, 735.0, 4
010, High Var, 16, 849.0, 4
010, High Var, 18, 975.0, 4
010, High Var, 20, 1058.0, 4
010, Equal Means, 0, 45.0, 0
010, Equal Means, 2, 162.0, 0
010, Equal Means, 4, 269.0, 0
010, Equal Means, 6, 376.0, 0
010, Equal Means, 8, 454.0, 1
010, Equal Means, 10, 556.0, 2
010, Equal Means, 12, 662.0, 2
010, Equal Means, 14, 756.0, 2
010, Equal Means, 16, 856.0, 2
010, Equal Means, 18, 950.0, 2
010, Equal Means, 20, 1026.0, 2
010, High Var, 0, 46.0, 0
010, High Var, 2, 186.0, 0
010, High Var, 4, 266.0, 1
010, High Var, 6, 354.0, 3
010, High Var, 8, 446.0, 3
010, High Var, 10, 552.0, 4
010, High Var, 12, 664.0, 6
010, High Var, 14, 756.0, 6
010, High Var, 16, 853.0, 7
010, High Var, 18, 959.0, 7
010, High Var, 20, 1035.0, 7
010, Low Var, 0, 38.0, 0
010, Low Var, 2, 125.0, 0
010, Low Var, 4, 222.0, 1
010, Low Var, 6, 320.0, 1
010, Low Var, 8, 401.0, 2
011, IOWA, 0, 50.0, 0
011, IOWA, 2, 113.0, 1
011, IOWA, 4, 233.0, 1
011, IOWA, 6, 299.0, 2
011, IOWA, 8, 386.0, 3
011, IOWA, 10, 465.0, 4
011, IOWA, 12, 539.0, 4
011, IOWA, 14, 645.0, 4
011, IOWA, 16, 759.0, 4
011, IOWA, 18, 827.0, 6
011, IOWA, 20, 906.0, 8
011, IOWA, 0, 42.0, 0
011, IOWA, 2, 140.0, 0
011, IOWA, 4, 251.0, 0
011, IOWA, 6, 339.0, 2
011, IOWA, 8, 450.0, 3
011, IOWA, 10, 557.0, 3
011, IOWA, 12, 689.0, 4
011, IOWA, 14, 778.0, 5
011, IOWA, 16, 865.0, 7
011, IOWA, 18, 952.0, 9
011, IOWA, 20, 1045.0, 11
011, Low Var, 0, 55.0, 0
011, Low Var, 2, 151.0, 1
011, Low Var, 4, 253.0, 3
011, Low Var, 6, 353.0, 5
011, Low Var, 8, 458.0, 7
011, Low Var, 10, 562.0, 8
011, Low Var, 12, 646.0, 10
011, Low Var, 14, 727.0, 12
011, Low Var, 16, 851.0, 13
011, Low Var, 18, 953.0, 13
011, Low Var, 20, 1032.0, 15
011, Equal Means, 0, 53.0, 0
011, Equal Means, 2, 153.0, 2
011, Equal Means, 4, 260.0, 4
011, Equal Means, 6, 382.0, 5
011, Equal Means, 8, 483.0, 6
011, Equal Means, 10, 593.0, 6
011, Equal Means, 12, 699.0, 7
011, Equal Means, 14, 795.0, 8
011, Equal Means, 16, 917.0, 9
011, Equal Means, 18, 1023.0, 9
011, Equal Means, 20, 1140.0, 9
011, Equal Means, 0, 36.0, 0
011, Equal Means, 2, 147.0, 2
011, Equal Means, 4, 274.0, 3
011, Equal Means, 6, 386.0, 3
011, Equal Means, 8, 501.0, 4
011, Equal Means, 10, 619.0, 6
011, Equal Means, 12, 706.0, 8
011, Equal Means, 14, 802.0, 10
011, Equal Means, 16, 910.0, 12
011, Equal Means, 18, 1024.0, 14
011, Equal Means, 20, 1119.0, 16
011, IOWA, 0, 64.0, 0
011, IOWA, 2, 176.0, 1
011, IOWA, 4, 308.0, 3
011, IOWA, 6, 427.0, 5
011, IOWA, 8, 507.0, 6
011, IOWA, 10, 612.0, 8
011, IOWA, 12, 693.0, 10
011, IOWA, 14, 786.0, 12
011, IOWA, 16, 862.0, 14
011, IOWA, 18, 930.0, 16
011, IOWA, 20, 999.0, 18
011, High Var, 0, 75.0, 0
011, High Var, 2, 199.0, 2
011, High Var, 4, 307.0, 3
011, High Var, 6, 387.0, 5
011, High Var, 8, 456.0, 7
011, High Var, 10, 523.0, 9
011, High Var, 12, 620.0, 11
011, High Var, 14, 748.0, 12
011, High Var, 16, 867.0, 12
011, High Var, 18, 954.0, 13
011, High Var, 20, 1050.0, 15
011, Low Var, 0, 54.0, 0
011, Low Var, 2, 152.0, 2
011, Low Var, 4, 259.0, 4
011, Low Var, 6, 376.0, 5
011, Low Var, 8, 478.0, 5
011, Low Var, 10, 577.0, 6
011, Low Var, 12, 673.0, 6
011, Low Var, 14, 781.0, 6
011, Low Var, 16, 884.0, 6
011, Low Var, 18, 995.0, 8
011, Low Var, 20, 1102.0, 10
011, High Var, 0, 58.0, 0
011, High Var, 2, 183.0, 1
011, High Var, 4, 300.0, 3
011, High Var, 6, 422.0, 4
011, High Var, 8, 544.0, 6
011, High Var, 10, 650.0, 7
011, High Var, 12, 734.0, 9
011, High Var, 14, 806.0, 11
011, High Var, 16, 901.0, 13
011, High Var, 18, 988.0, 15
011, High Var, 20, 1069.0, 17
011, IOWA, 0, 44.0, 0
011, IOWA, 2, 143.0, 2
011, IOWA, 4, 228.0, 4
011, IOWA, 6, 321.0, 6
011, IOWA, 8, 407.0, 8
011, IOWA, 10, 495.0, 10
011, IOWA, 12, 577.0, 12
011, IOWA, 14, 665.0, 14
011, IOWA, 16, 758.0, 16
011, IOWA, 18, 853.0, 18
011, IOWA, 20, 973.0, 19
011, Low Var, 0, 55.0, 0
011, Low Var, 2, 156.0, 2
011, Low Var, 4, 267.0, 4
011, Low Var, 6, 378.0, 6
011, Low Var, 8, 478.0, 8
011, Low Var, 10, 587.0, 10
011, Low Var, 12, 680.0, 11
011, Low Var, 14, 767.0, 13
011, Low Var, 16, 859.0, 15
011, Low Var, 18, 950.0, 17
011, Low Var, 20, 1038.0, 19
011, Equal Means, 0, 41.0, 0
011, Equal Means, 2, 156.0, 2
011, Equal Means, 4, 280.0, 3
011, Equal Means, 6, 372.0, 4
011, Equal Means, 8, 470.0, 6
012, IOWA, 0, 55.0, 0
012, IOWA, 2, 157.0, 0
012, IOWA, 4, 233.0, 1
012, IOWA, 6, 311.0, 2
012, IOWA, 8, 399.0, 3
012, IOWA, 10, 528.0, 3
012, IOWA, 12, 601.0, 4
012, IOWA, 14, 677.0, 6
012, IOWA, 16, 746.0, 7
012, IOWA, 18, 804.0, 9
012, IOWA, 20, 877.0, 9
012, IOWA, 0, 49.0, 0
012, IOWA, 2, 126.0, 1
012, IOWA, 4, 237.0, 2
012, IOWA, 6, 340.0, 2
012, IOWA, 8, 418.0, 4
012, IOWA, 10, 508.0, 5
012, IOWA, 12, 602.0, 5
012, IOWA, 14, 678.0, 7
012, IOWA, 16, 753.0, 9
012, IOWA, 18, 828.0, 11
012, IOWA, 20, 904.0, 13
012, Equal Means, 0, 56.0, 0
012, Equal Means, 2, 152.0, 0
012, Equal Means, 4, 248.0, 0
012, Equal Means, 6, 341.0, 0
012, Equal Means, 8, 449.0, 0
012, Equal Means, 10, 540.0, 0
012, Equal Means, 12, 626.0, 2
012, Equal Means, 14, 732.0, 3
012, Equal Means, 16, 817.0, 4
012, Equal Means, 18, 911.0, 6
012, Equal Means, 20, 1016.0, 8
012, Equal Means, 0, 52.0, 0
012, Equal Means, 2, 160.0, 0
012, Equal Means, 4, 256.0, 1
012, Equal Means, 6, 351.0, 3
012, Equal Means, 8, 449.0, 3
012, Equal Means, 10, 523.0, 5
012, Equal Means, 12, 622.0, 7
012, Equal Means, 14, 707.0, 7
012, Equal Means, 16, 809.0, 8
012, Equal Means, 18, 895.0, 8
012, Equal Means, 20, 982.0, 8
012, High Var, 0, 34.0, 0
012, High Var, 2, 141.0, 1
012, High Var, 4, 203.0, 3
012, High Var, 6, 294.0, 5
012, High Var, 8, 399.0, 5
012, High Var, 10, 486.0, 6
012, High Var, 12, 573.0, 7
012, High Var, 14, 674.0, 8
012, High Var, 16, 746.0, 9
012, High Var, 18, 811.0, 11
012, High Var, 20, 902.0, 12
012, High Var, 0, 32.0, 0
012, High Var, 2, 127.0, 2
012, High Var, 4, 200.0, 4
012, High Var, 6, 295.0, 5
012, High Var, 8, 404.0, 7
012, High Var, 10, 494.0, 9
012, High Var, 12, 619.0, 11
012, High Var, 14, 723.0, 13
012, High Var, 16, 830.0, 13
012, High Var, 18, 930.0, 13
012, High Var, 20, 1018.0, 15
012, High Var, 0, 59.0, 0
012, High Var, 2, 157.0, 0
012, High Var, 4, 226.0, 2
012, High Var, 6, 327.0, 3
012, High Var, 8, 415.0, 4
012, High Var, 10, 495.0, 6
012, High Var, 12, 587.0, 8
012, High Var, 14, 689.0, 8
012, High Var, 16, 772.0, 8
012, High Var, 18, 841.0, 10
012, High Var, 20, 927.0, 12
012, IOWA, 0, 44.0, 0
012, IOWA, 2, 107.0, 1
012, IOWA, 4, 201.0, 3
012, IOWA, 6, 290.0, 3
012, IOWA, 8, 367.0, 4
012, IOWA, 10, 469.0, 4
012, IOWA, 12, 541.0, 6
012, IOWA, 14, 622.0, 8
012, IOWA, 16, 696.0, 10
012, IOWA, 18, 770.0, 12
012, IOWA, 20, 846.0, 14
012, Equal Means, 0, 50.0, 0
012, Equal Means, 2, 155.0, 0
012, Equal Means, 4, 244.0, 0
012, Equal Means, 6, 343.0, 0
012, Equal Means, 8, 455.0, 2
012, Equal Means, 10, 533.0, 4
012, Equal Means, 12, 628.0, 5
012, Equal Means, 14, 728.0, 5
012, Equal Means, 16, 840.0, 7
012, Equal Means, 18, 941.0, 7
012, Equal Means, 20, 1023.0, 8
012, Low Var, 0, 36.0, 0
012, Low Var, 2, 111.0, 2
012, Low Var, 4, 182.0, 4
012, Low Var, 6, 258.0, 6
012, Low Var, 8, 329.0, 8
012, Low Var, 10, 398.0, 10
012, Low Var, 12, 469.0, 12
012, Low Var, 14, 545.0, 14
012, Low Var, 16, 621.0, 16
012, Low Var, 18, 694.0, 18
012, Low Var, 20, 771.0, 20
012, IOWA, 0, 60.0, 0
012, IOWA, 2, 135.0, 1
012, IOWA, 4, 214.0, 3
012, IOWA, 6, 282.0, 5
012, IOWA, 8, 347.0, 7
012, IOWA, 10, 394.0, 9
012, IOWA, 12, 480.0, 11
012, IOWA, 14, 556.0, 13
012, IOWA, 16, 609.0, 15
012, IOWA, 18, 691.0, 17
012, IOWA, 20, 776.0, 19
012, Low Var, 0, 32.0, 0
012, Low Var, 2, 109.0, 2
012, Low Var, 4, 179.0, 4
012, Low Var, 6, 250.0, 6
012, Low Var, 8, 324.0, 8
013, IOWA, 0, 48.0, 0
013, IOWA, 2, 180.0, 0
013, IOWA, 4, 302.0, 0
013, IOWA, 6, 429.0, 0
013, IOWA, 8, 552.0, 0
013, IOWA, 10, 640.0, 1
013, IOWA, 12, 749.0, 2
013, IOWA, 14, 849.0, 3
013, IOWA, 16, 938.0, 4
013, IOWA, 18, 1005.0, 6
013, IOWA, 20, 1096.0, 8
013, IOWA, 0, 67.0, 0
013, IOWA, 2, 164.0, 1
013, IOWA, 4, 315.0, 1
013, IOWA, 6, 419.0, 2
013, IOWA, 8, 512.0, 4
013, IOWA, 10, 613.0, 6
013, IOWA, 12, 709.0, 8
013, IOWA, 14, 827.0, 9
013, IOWA, 16, 922.0, 10
013, IOWA, 18, 1014.0, 12
013, IOWA, 20, 1123.0, 12
013, High Var, 0, 42.0, 0
013, High Var, 2, 124.0, 2
013, High Var, 4, 199.0, 4
013, High Var, 6, 321.0, 6
013, High Var, 8, 429.0, 8
013, High Var, 10, 549.0, 9
013, High Var, 12, 665.0, 10
013, High Var, 14, 776.0, 10
013, High Var, 16, 882.0, 12
013, High Var, 18, 988.0, 14
013, High Var, 20, 1098.0, 16
013, Low Var, 0, 60.0, 0
013, Low Var, 2, 155.0, 1
013, Low Var, 4, 252.0, 3
013, Low Var, 6, 350.0, 5
013, Low Var, 8, 451.0, 7
013, Low Var, 10, 546.0, 9
013, Low Var, 12, 649.0, 10
013, Low Var, 14, 768.0, 10
013, Low Var, 16, 865.0, 12
013, Low Var, 18, 993.0, 12
013, Low Var, 20, 1098.0, 12
013, Equal Means, 0, 80.0, 0
013, Equal Means, 2, 206.0, 0
013, Equal Means, 4, 307.0, 2
013, Equal Means, 6, 422.0, 3
013, Equal Means, 8, 540.0, 4
013, Equal Means, 10, 645.0, 5
013, Equal Means, 12, 758.0, 7
013, Equal Means, 14, 889.0, 8
013, Equal Means, 16, 1001.0, 9
013, Equal Means, 18, 1133.0, 10
013, Equal Means, 20, 1262.0, 11
013, IOWA, 0, 47.0, 0
013, IOWA, 2, 151.0, 2
013, IOWA, 4, 249.0, 4
013, IOWA, 6, 343.0, 6
013, IOWA, 8, 447.0, 8
013, IOWA, 10, 561.0, 9
013, IOWA, 12, 703.0, 10
013, IOWA, 14, 783.0, 10
013, IOWA, 16, 881.0, 12
013, IOWA, 18, 962.0, 14
013, IOWA, 20, 1057.0, 16
013, Low Var, 0, 56.0, 0
013, Low Var, 2, 174.0, 2
013, Low Var, 4, 289.0, 4
013, Low Var, 6, 401.0, 5
013, Low Var, 8, 500.0, 7
013, Low Var, 10, 603.0, 7
013, Low Var, 12, 703.0, 9
013, Low Var, 14, 802.0, 11
013, Low Var, 16, 916.0, 12
013, Low Var, 18, 1020.0, 13
013, Low Var, 20, 1119.0, 15
013, IOWA, 0, 73.0, 0
013, IOWA, 2, 197.0, 0
013, IOWA, 4, 338.0, 1
013, IOWA, 6, 443.0, 2
013, IOWA, 8, 543.0, 4
013, IOWA, 10, 647.0, 6
013, IOWA, 12, 745.0, 8
013, IOWA, 14, 858.0, 8
013, IOWA, 16, 935.0, 9
013, IOWA, 18, 1029.0, 11
013, IOWA, 20, 1156.0, 12
013, High Var, 0, 63.0, 0
013, High Var, 2, 211.0, 0
013, High Var, 4, 342.0, 1
013, High Var, 6, 444.0, 2
013, High Var, 8, 530.0, 4
013, High Var, 10, 589.0, 6
013, High Var, 12, 676.0, 8
013, High Var, 14, 776.0, 8
013, High Var, 16, 893.0, 10
013, High Var, 18, 1006.0, 11
013, High Var, 20, 1109.0, 12
013, Equal Means, 0, 74.0, 0
013, Equal Means, 2, 194.0, 1
013, Equal Means, 4, 318.0, 1
013, Equal Means, 6, 449.0, 2
013, Equal Means, 8, 559.0, 2
013, Equal Means, 10, 675.0, 3
013, Equal Means, 12, 788.0, 5
013, Equal Means, 14, 905.0, 7
013, Equal Means, 16, 1036.0, 7
013, Equal Means, 18, 1162.0, 8
013, Equal Means, 20, 1271.0, 9
013, Low Var, 0, 55.0, 0
013, Low Var, 2, 171.0, 2
013, Low Var, 4, 293.0, 3
013, Low Var, 6, 420.0, 3
013, Low Var, 8, 539.0, 5
013, Low Var, 10, 660.0, 7
013, Low Var, 12, 770.0, 9
013, Low Var, 14, 890.0, 11
013, Low Var, 16, 995.0, 12
013, Low Var, 18, 1091.0, 14
013, Low Var, 20, 1196.0, 16
013, High Var, 0, 44.0, 0
013, High Var, 2, 159.0, 2
013, High Var, 4, 267.0, 4
013, High Var, 6, 389.0, 6
013, High Var, 8, 490.0, 7
014, IOWA, 0, 28.0, 0
014, IOWA, 2, 95.0, 2
014, IOWA, 4, 188.0, 2
014, IOWA, 6, 254.0, 3
014, IOWA, 8, 304.0, 3
014, IOWA, 10, 354.0, 4
014, IOWA, 12, 415.0, 6
014, IOWA, 14, 467.0, 8
014, IOWA, 16, 520.0, 10
014, IOWA, 18, 579.0, 12
014, IOWA, 20, 595.0, 13
014, IOWA, 0, 48.0, 0
014, IOWA, 2, 103.0, 1
014, IOWA, 4, 158.0, 3
014, IOWA, 6, 207.0, 5
014, IOWA, 8, 262.0, 7
014, IOWA, 10, 338.0, 7
014, IOWA, 12, 390.0, 9
014, IOWA, 14, 452.0, 11
014, IOWA, 16, 530.0, 12
014, IOWA, 18, 580.0, 13
014, IOWA, 20, 646.0, 14
014, Equal Means, 0, 17.0, 0
014, Equal Means, 2, 96.0, 1
014, Equal Means, 4, 174.0, 3
014, Equal Means, 6, 231.0, 4
014, Equal Means, 8, 316.0, 5
014, Equal Means, 10, 384.0, 6
014, Equal Means, 12, 470.0, 7
014, Equal Means, 14, 544.0, 8
014, Equal Means, 16, 613.0, 9
014, Equal Means, 18, 700.0, 11
014, Equal Means, 20, 775.0, 11
014, Low Var, 0, 37.0, 0
014, Low Var, 2, 106.0, 2
014, Low Var, 4, 177.0, 4
014, Low Var, 6, 244.0, 5
014, Low Var, 8, 297.0, 7
014, Low Var, 10, 347.0, 9
014, Low Var, 12, 401.0, 11
014, Low Var, 14, 459.0, 13
014, Low Var, 16, 519.0, 15
014, Low Var, 18, 581.0, 17
014, Low Var, 20, 662.0, 17
014, Low Var, 0, 39.0, 0
014, Low Var, 2, 109.0, 1
014, Low Var, 4, 178.0, 1
014, Low Var, 6, 239.0, 3
014, Low Var, 8, 304.0, 4
014, Low Var, 10, 366.0, 4
014, Low Var, 12, 429.0, 5
014, Low Var, 14, 494.0, 5
014, Low Var, 16, 544.0, 7
014, Low Var, 18, 595.0, 9
014, Low Var, 20, 643.0, 11
014, Equal Means, 0, 37.0, 0
014, Equal Means, 2, 118.0, 2
014, Equal Means, 4, 197.0, 2
014, Equal Means, 6, 263.0, 3
014, Equal Means, 8, 344.0, 4
014, Equal Means, 10, 413.0, 5
014, Equal Means, 12, 490.0, 5
014, Equal Means, 14, 568.0, 6
014, Equal Means, 16, 639.0, 7
014, Equal Means, 18, 713.0, 8
014, Equal Means, 20, 779.0, 9
014, Equal Means, 0, 26.0, 0
014, Equal Means, 2, 91.0, 2
014, Equal Means, 4, 169.0, 4
014, Equal Means, 6, 241.0, 5
014, Equal Means, 8, 317.0, 5
014, Equal Means, 10, 392.0, 7
014, Equal Means, 12, 449.0, 9
014, Equal Means, 14, 495.0, 11
014, Equal Means, 16, 588.0, 13
014, Equal Means, 18, 660.0, 14
014, Equal Means, 20, 726.0, 16
014, Low Var, 0, 43.0, 0
014, Low Var, 2, 96.0, 1
014, Low Var, 4, 142.0, 3
014, Low Var, 6, 209.0, 5
014, Low Var, 8, 276.0, 5
014, Low Var, 10, 336.0, 7
014, Low Var, 12, 391.0, 9
014, Low Var, 14, 445.0, 10
014, Low Var, 16, 534.0, 11
014, Low Var, 18, 602.0, 11
014, Low Var, 20, 653.0, 13
014, High Var, 0, 52.0, 0
014, High Var, 2, 99.0, 2
014, High Var, 4, 186.0, 2
014, High Var, 6, 256.0, 3
014, High Var, 8, 334.0, 3
014, High Var, 10, 408.0, 4
014, High Var, 12, 475.0, 5
014, High Var, 14, 536.0, 6
014, High Var, 16, 573.0, 8
014, High Var, 18, 617.0, 10
014, High Var, 20, 665.0, 12
014, IOWA, 0, 26.0, 0
014, IOWA, 2, 76.0, 2
014, IOWA, 4, 127.0, 4
014, IOWA, 6, 185.0, 6
014, IOWA, 8, 230.0, 8
014, IOWA, 10, 284.0, 10
014, IOWA, 12, 334.0, 12
014, IOWA, 14, 393.0, 14
014, IOWA, 16, 450.0, 16
014, IOWA, 18, 499.0, 18
014, IOWA, 20, 557.0, 20
014, High Var, 0, 46.0, 0
014, High Var, 2, 112.0, 2
014, High Var, 4, 180.0, 4
014, High Var, 6, 265.0, 6
014, High Var, 8, 338.0, 6
014, High Var, 10, 412.0, 7
014, High Var, 12, 502.0, 9
014, High Var, 14, 578.0, 9
014, High Var, 16, 658.0, 10
014, High Var, 18, 731.0, 12
014, High Var, 20, 800.0, 13
014, High Var, 0, 49.0, 0
014, High Var, 2, 141.0, 2
014, High Var, 4, 199.0, 3
014, High Var, 6, 247.0, 5
014, High Var, 8, 323.0, 7
015, IOWA, 0, 47.0, 0
015, IOWA, 2, 172.0, 0
015, IOWA, 4, 295.0, 0
015, IOWA, 6, 392.0, 1
015, IOWA, 8, 512.0, 1
015, IOWA, 10, 600.0, 2
015, IOWA, 12, 719.0, 2
015, IOWA, 14, 797.0, 2
015, IOWA, 16, 914.0, 2
015, IOWA, 18, 1025.0, 2
015, IOWA, 20, 1161.0, 2
015, IOWA, 0, 74.0, 0
015, IOWA, 2, 173.0, 1
015, IOWA, 4, 267.0, 3
015, IOWA, 6, 362.0, 5
015, IOWA, 8, 469.0, 7
015, IOWA, 10, 582.0, 8
015, IOWA, 12, 687.0, 8
015, IOWA, 14, 798.0, 8
015, IOWA, 16, 900.0, 10
015, IOWA, 18, 999.0, 12
015, IOWA, 20, 1107.0, 14
015, Equal Means, 0, 63.0, 0
015, Equal Means, 2, 168.0, 1
015, Equal Means, 4, 284.0, 1
015, Equal Means, 6, 411.0, 1
015, Equal Means, 8, 500.0, 3
015, Equal Means, 10, 605.0, 5
015, Equal Means, 12, 750.0, 6
015, Equal Means, 14, 868.0, 6
015, Equal Means, 16, 980.0, 7
015, Equal Means, 18, 1100.0, 7
015, Equal Means, 20, 1206.0, 7
015, Low Var, 0, 57.0, 0
015, Low Var, 2, 184.0, 0
015, Low Var, 4, 295.0, 0
015, Low Var, 6, 394.0, 1
015, Low Var, 8, 488.0, 3
015, Low Var, 10, 577.0, 5
015, Low Var, 12, 670.0, 7
015, Low Var, 14, 762.0, 9
015, Low Var, 16, 854.0, 11
015, Low Var, 18, 972.0, 12
015, Low Var, 20, 1088.0, 13
015, Low Var, 0, 70.0, 0
015, Low Var, 2, 176.0, 0
015, Low Var, 4, 265.0, 2
015, Low Var, 6, 361.0, 4
015, Low Var, 8, 461.0, 6
015, Low Var, 10, 588.0, 6
015, Low Var, 12, 693.0, 6
015, Low Var, 14, 814.0, 7
015, Low Var, 16, 934.0, 7
015, Low Var, 18, 1043.0, 7
015, Low Var, 20, 1136.0, 9
015, Low Var, 0, 56.0, 0
015, Low Var, 2, 158.0, 0
015, Low Var, 4, 277.0, 0
015, Low Var, 6, 396.0, 0
015, Low Var, 8, 499.0, 1
015, Low Var, 10, 603.0, 3
015, Low Var, 12, 702.0, 5
015, Low Var, 14, 791.0, 7
015, Low Var, 16, 883.0, 9
015, Low Var, 18, 985.0, 11
015, Low Var, 20, 1075.0, 13
015, Equal Means, 0, 51.0, 0
015, Equal Means, 2, 171.0, 2
015, Equal Means, 4, 294.0, 3
015, Equal Means, 6, 413.0, 3
015, Equal Means, 8, 522.0, 3
015, Equal Means, 10, 628.0, 4
015, Equal Means, 12, 740.0, 4
015, Equal Means, 14, 857.0, 5
015, Equal Means, 16, 962.0, 6
015, Equal Means, 18, 1078.0, 6
015, Equal Means, 20, 1192.0, 6
015, High Var, 0, 61.0, 0
015, High Var, 2, 204.0, 0
015, High Var, 4, 326.0, 2
015, High Var, 6, 445.0, 3
015, High Var, 8, 552.0, 3
015, High Var, 10, 661.0, 5
015, High Var, 12, 768.0, 7
015, High Var, 14, 882.0, 7
015, High Var, 16, 980.0, 8
015, High Var, 18, 1070.0, 10
015, High Var, 20, 1167.0, 12
015, IOWA, 0, 45.0, 0
015, IOWA, 2, 145.0, 2
015, IOWA, 4, 248.0, 4
015, IOWA, 6, 347.0, 6
015, IOWA, 8, 442.0, 8
015, IOWA, 10, 536.0, 10
015, IOWA, 12, 627.0, 12
015, IOWA, 14, 728.0, 12
015, IOWA, 16, 823.0, 12
015, IOWA, 18, 935.0, 12
015, IOWA, 20, 1042.0, 13
015, Equal Means, 0, 55.0, 0
015, Equal Means, 2, 173.0, 1
015, Equal Means, 4, 307.0, 1
015, Equal Means, 6, 424.0, 2
015, Equal Means, 8, 544.0, 4
015, Equal Means, 10, 665.0, 4
015, Equal Means, 12, 788.0, 4
015, Equal Means, 14, 905.0, 5
015, Equal Means, 16, 1019.0, 7
015, Equal Means, 18, 1130.0, 9
015, Equal Means, 20, 1251.0, 10
015, High Var, 0, 40.0, 0
015, High Var, 2, 161.0, 2
015, High Var, 4, 254.0, 4
015, High Var, 6, 357.0, 4
015, High Var, 8, 465.0, 4
015, High Var, 10, 591.0, 4
015, High Var, 12, 731.0, 5
015, High Var, 14, 858.0, 6
015, High Var, 16, 981.0, 8
015, High Var, 18, 1071.0, 9
015, High Var, 20, 1157.0, 11
015, IOWA, 0, 49.0, 0
015, IOWA, 2, 147.0, 2
015, IOWA, 4, 245.0, 4
015, IOWA, 6, 346.0, 6
015, IOWA, 8, 457.0, 8
